Workbook

Sheet data
A1: id | B1: un_code | C1: name | D1: demonym
A2: 1 | B2: ="002" -> 002 | C2: Africa | D2: African
A3: 2 | B3: ="019" -> 019 | C3: Americas | D3: American
A4: 3 | B4: ="142" -> 142 | C4: Asia | D4: Asian
A5: 4 | B5: ="150" -> 150 | C5: Europe | D5: European
A6: 5 | B6: ="009" -> 009 | C6: Oceania | D6: Oceanian

Sheet array.php
A1: [ | B1: =data!A1 -> id | D1: =data!B1 -> un_code | F1: =data!C1 -> name | H1: demonym | J1: ]
B2: key | C2: value | D2: key | E2: value | F2: key | G2: value | H2: key | I2: value
A3: =IF(OR(ISBLANK(data!A2),ISERR(data!A2),ISERROR(data!A2),ISNA(data!A2),data!A2="",ISBLANK(data!B2),ISERR(data!B2),ISERROR(data!B2),ISNA(data!B2),data!B2="",ISBLANK(data!C2),ISERR(data!C2),ISERROR(data!C2),ISNA(data!C2),data!C2=""),"","[") -> [ | B3: =IF(OR(ISBLANK(A3),ISERR(A3),ISERROR(A3),ISNA(A3),A3=""&ISBLANK(data!A2),ISERR(data!A2),ISERROR(data!A2),ISNA(data!A2),data!A2=""),"","'"&B$1&"' => ") -> 'id' => | C3: =IF(OR(ISBLANK(B3),ISERR(B3),ISERROR(B3),ISNA(B3),B3=""),"",IF(ISTEXT(data!A2),"'"&data!A2&"'",data!A2)&",") -> 1, | D3: =IF(OR(ISBLANK(A3),ISERR(A3),ISERROR(A3),ISNA(A3),A3=""&ISBLANK(data!B2),ISERR(data!B2),ISERROR(data!B2),ISNA(data!B2),data!B2=""),"","'"&D$1&"' => ") -> 'un_code' => | E3: =IF(OR(ISBLANK(D3),ISERR(D3),ISERROR(D3),ISNA(D3),D3=""),"",IF(ISTEXT(data!B2),"'"&data!B2&"'",data!B2)&",") -> '002', | F3: =IF(OR(ISBLANK(A3),ISERR(A3),ISERROR(A3),ISNA(A3),A3=""&ISBLANK(data!C2),ISERR(data!C2),ISERROR(data!C2),ISNA(data!C2),data!C2=""),"","'"&F$1&"' => ") -> 'name' => | G3: =IF(OR(ISBLANK(F3),ISERR(F3),ISERROR(F3),ISNA(F3),F3=""),"","'"&SUBSTITUTE(data!C2,"'","\'")&"'"&",") -> 'Africa', | H3: =IF(OR(ISBLANK(A3),ISERR(A3),ISERROR(A3),ISNA(A3),A3=""&ISBLANK(data!D2),ISERR(data!D2),ISERROR(data!D2),ISNA(data!D2),data!D2=""),"","'"&H$1&"' => ") -> 'demonym' => | I3: =IF(OR(ISBLANK(H3),ISERR(H3),ISERROR(H3),ISNA(H3),H3=""),"","'"&SUBSTITUTE(data!D2,"'","\'")&"'"&",") -> 'African', | J3: =IF(OR(ISBLANK(A3),ISERR(A3),ISERROR(A3),ISNA(A3),A3=""),"","],") -> ],
A4: =IF(OR(ISBLANK(data!A3),ISERR(data!A3),ISERROR(data!A3),ISNA(data!A3),data!A3="",ISBLANK(data!B3),ISERR(data!B3),ISERROR(data!B3),ISNA(data!B3),data!B3="",ISBLANK(data!C3),ISERR(data!C3),ISERROR(data!C3),ISNA(data!C3),data!C3=""),"","[") -> [ | B4: =IF(OR(ISBLANK(A4),ISERR(A4),ISERROR(A4),ISNA(A4),A4=""&ISBLANK(data!A3),ISERR(data!A3),ISERROR(data!A3),ISNA(data!A3),data!A3=""),"","'"&B$1&"' => ") -> 'id' => | C4: =IF(OR(ISBLANK(B4),ISERR(B4),ISERROR(B4),ISNA(B4),B4=""),"",IF(ISTEXT(data!A3),"'"&data!A3&"'",data!A3)&",") -> 2, | D4: =IF(OR(ISBLANK(A4),ISERR(A4),ISERROR(A4),ISNA(A4),A4=""&ISBLANK(data!B3),ISERR(data!B3),ISERROR(data!B3),ISNA(data!B3),data!B3=""),"","'"&D$1&"' => ") -> 'un_code' => | E4: =IF(OR(ISBLANK(D4),ISERR(D4),ISERROR(D4),ISNA(D4),D4=""),"",IF(ISTEXT(data!B3),"'"&data!B3&"'",data!B3)&",") -> '019', | F4: =IF(OR(ISBLANK(A4),ISERR(A4),ISERROR(A4),ISNA(A4),A4=""&ISBLANK(data!C3),ISERR(data!C3),ISERROR(data!C3),ISNA(data!C3),data!C3=""),"","'"&F$1&"' => ") -> 'name' => | G4: =IF(OR(ISBLANK(F4),ISERR(F4),ISERROR(F4),ISNA(F4),F4=""),"","'"&SUBSTITUTE(data!C3,"'","\'")&"'"&",") -> 'Americas', | H4: =IF(OR(ISBLANK(A4),ISERR(A4),ISERROR(A4),ISNA(A4),A4=""&ISBLANK(data!D3),ISERR(data!D3),ISERROR(data!D3),ISNA(data!D3),data!D3=""),"","'"&H$1&"' => ") -> 'demonym' => | I4: =IF(OR(ISBLANK(H4),ISERR(H4),ISERROR(H4),ISNA(H4),H4=""),"","'"&SUBSTITUTE(data!D3,"'","\'")&"'"&",") -> 'American', | J4: =IF(OR(ISBLANK(A4),ISERR(A4),ISERROR(A4),ISNA(A4),A4=""),"","],") -> ],
A5: =IF(OR(ISBLANK(data!A4),ISERR(data!A4),ISERROR(data!A4),ISNA(data!A4),data!A4="",ISBLANK(data!B4),ISERR(data!B4),ISERROR(data!B4),ISNA(data!B4),data!B4="",ISBLANK(data!C4),ISERR(data!C4),ISERROR(data!C4),ISNA(data!C4),data!C4=""),"","[") -> [ | B5: =IF(OR(ISBLANK(A5),ISERR(A5),ISERROR(A5),ISNA(A5),A5=""&ISBLANK(data!A4),ISERR(data!A4),ISERROR(data!A4),ISNA(data!A4),data!A4=""),"","'"&B$1&"' => ") -> 'id' => | C5: =IF(OR(ISBLANK(B5),ISERR(B5),ISERROR(B5),ISNA(B5),B5=""),"",IF(ISTEXT(data!A4),"'"&data!A4&"'",data!A4)&",") -> 3, | D5: =IF(OR(ISBLANK(A5),ISERR(A5),ISERROR(A5),ISNA(A5),A5=""&ISBLANK(data!B4),ISERR(data!B4),ISERROR(data!B4),ISNA(data!B4),data!B4=""),"","'"&D$1&"' => ") -> 'un_code' => | E5: =IF(OR(ISBLANK(D5),ISERR(D5),ISERROR(D5),ISNA(D5),D5=""),"",IF(ISTEXT(data!B4),"'"&data!B4&"'",data!B4)&",") -> '142', | F5: =IF(OR(ISBLANK(A5),ISERR(A5),ISERROR(A5),ISNA(A5),A5=""&ISBLANK(data!C4),ISERR(data!C4),ISERROR(data!C4),ISNA(data!C4),data!C4=""),"","'"&F$1&"' => ") -> 'name' => | G5: =IF(OR(ISBLANK(F5),ISERR(F5),ISERROR(F5),ISNA(F5),F5=""),"","'"&SUBSTITUTE(data!C4,"'","\'")&"'"&",") -> 'Asia', | H5: =IF(OR(ISBLANK(A5),ISERR(A5),ISERROR(A5),ISNA(A5),A5=""&ISBLANK(data!D4),ISERR(data!D4),ISERROR(data!D4),ISNA(data!D4),data!D4=""),"","'"&H$1&"' => ") -> 'demonym' => | I5: =IF(OR(ISBLANK(H5),ISERR(H5),ISERROR(H5),ISNA(H5),H5=""),"","'"&SUBSTITUTE(data!D4,"'","\'")&"'"&",") -> 'Asian', | J5: =IF(OR(ISBLANK(A5),ISERR(A5),ISERROR(A5),ISNA(A5),A5=""),"","],") -> ],
A6: =IF(OR(ISBLANK(data!A5),ISERR(data!A5),ISERROR(data!A5),ISNA(data!A5),data!A5="",ISBLANK(data!B5),ISERR(data!B5),ISERROR(data!B5),ISNA(data!B5),data!B5="",ISBLANK(data!C5),ISERR(data!C5),ISERROR(data!C5),ISNA(data!C5),data!C5=""),"","[") -> [ | B6: =IF(OR(ISBLANK(A6),ISERR(A6),ISERROR(A6),ISNA(A6),A6=""&ISBLANK(data!A5),ISERR(data!A5),ISERROR(data!A5),ISNA(data!A5),data!A5=""),"","'"&B$1&"' => ") -> 'id' => | C6: =IF(OR(ISBLANK(B6),ISERR(B6),ISERROR(B6),ISNA(B6),B6=""),"",IF(ISTEXT(data!A5),"'"&data!A5&"'",data!A5)&",") -> 4, | D6: =IF(OR(ISBLANK(A6),ISERR(A6),ISERROR(A6),ISNA(A6),A6=""&ISBLANK(data!B5),ISERR(data!B5),ISERROR(data!B5),ISNA(data!B5),data!B5=""),"","'"&D$1&"' => ") -> 'un_code' => | E6: =IF(OR(ISBLANK(D6),ISERR(D6),ISERROR(D6),ISNA(D6),D6=""),"",IF(ISTEXT(data!B5),"'"&data!B5&"'",data!B5)&",") -> '150', | F6: =IF(OR(ISBLANK(A6),ISERR(A6),ISERROR(A6),ISNA(A6),A6=""&ISBLANK(data!C5),ISERR(data!C5),ISERROR(data!C5),ISNA(data!C5),data!C5=""),"","'"&F$1&"' => ") -> 'name' => | G6: =IF(OR(ISBLANK(F6),ISERR(F6),ISERROR(F6),ISNA(F6),F6=""),"","'"&SUBSTITUTE(data!C5,"'","\'")&"'"&",") -> 'Europe', | H6: =IF(OR(ISBLANK(A6),ISERR(A6),ISERROR(A6),ISNA(A6),A6=""&ISBLANK(data!D5),ISERR(data!D5),ISERROR(data!D5),ISNA(data!D5),data!D5=""),"","'"&H$1&"' => ") -> 'demonym' => | I6: =IF(OR(ISBLANK(H6),ISERR(H6),ISERROR(H6),ISNA(H6),H6=""),"","'"&SUBSTITUTE(data!D5,"'","\'")&"'"&",") -> 'European', | J6: =IF(OR(ISBLANK(A6),ISERR(A6),ISERROR(A6),ISNA(A6),A6=""),"","],") -> ],
A7: =IF(OR(ISBLANK(data!A6),ISERR(data!A6),ISERROR(data!A6),ISNA(data!A6),data!A6="",ISBLANK(data!B6),ISERR(data!B6),ISERROR(data!B6),ISNA(data!B6),data!B6="",ISBLANK(data!C6),ISERR(data!C6),ISERROR(data!C6),ISNA(data!C6),data!C6=""),"","[") -> [ | B7: =IF(OR(ISBLANK(A7),ISERR(A7),ISERROR(A7),ISNA(A7),A7=""&ISBLANK(data!A6),ISERR(data!A6),ISERROR(data!A6),ISNA(data!A6),data!A6=""),"","'"&B$1&"' => ") -> 'id' => | C7: =IF(OR(ISBLANK(B7),ISERR(B7),ISERROR(B7),ISNA(B7),B7=""),"",IF(ISTEXT(data!A6),"'"&data!A6&"'",data!A6)&",") -> 5, | D7: =IF(OR(ISBLANK(A7),ISERR(A7),ISERROR(A7),ISNA(A7),A7=""&ISBLANK(data!B6),ISERR(data!B6),ISERROR(data!B6),ISNA(data!B6),data!B6=""),"","'"&D$1&"' => ") -> 'un_code' => | E7: =IF(OR(ISBLANK(D7),ISERR(D7),ISERROR(D7),ISNA(D7),D7=""),"",IF(ISTEXT(data!B6),"'"&data!B6&"'",data!B6)&",") -> '009', | F7: =IF(OR(ISBLANK(A7),ISERR(A7),ISERROR(A7),ISNA(A7),A7=""&ISBLANK(data!C6),ISERR(data!C6),ISERROR(data!C6),ISNA(data!C6),data!C6=""),"","'"&F$1&"' => ") -> 'name' => | G7: =IF(OR(ISBLANK(F7),ISERR(F7),ISERROR(F7),ISNA(F7),F7=""),"","'"&SUBSTITUTE(data!C6,"'","\'")&"'"&",") -> 'Oceania', | H7: =IF(OR(ISBLANK(A7),ISERR(A7),ISERROR(A7),ISNA(A7),A7=""&ISBLANK(data!D6),ISERR(data!D6),ISERROR(data!D6),ISNA(data!D6),data!D6=""),"","'"&H$1&"' => ") -> 'demonym' => | I7: =IF(OR(ISBLANK(H7),ISERR(H7),ISERROR(H7),ISNA(H7),H7=""),"","'"&SUBSTITUTE(data!D6,"'","\'")&"'"&",") -> 'Oceanian', | J7: =IF(OR(ISBLANK(A7),ISERR(A7),ISERROR(A7),ISNA(A7),A7=""),"","],") -> ],
A8: =IF(OR(ISBLANK(data!A7),ISERR(data!A7),ISERROR(data!A7),ISNA(data!A7),data!A7="",ISBLANK(data!B7),ISERR(data!B7),ISERROR(data!B7),ISNA(data!B7),data!B7="",ISBLANK(data!C7),ISERR(data!C7),ISERROR(data!C7),ISNA(data!C7),data!C7=""),"","[") | B8: =IF(OR(ISBLANK(A8),ISERR(A8),ISERROR(A8),ISNA(A8),A8=""&ISBLANK(data!A7),ISERR(data!A7),ISERROR(data!A7),ISNA(data!A7),data!A7=""),"","'"&B$1&"' => ") | C8: =IF(OR(ISBLANK(B8),ISERR(B8),ISERROR(B8),ISNA(B8),B8=""),"",IF(ISTEXT(data!A7),"'"&data!A7&"'",data!A7)&",") | D8: =IF(OR(ISBLANK(A8),ISERR(A8),ISERROR(A8),ISNA(A8),A8=""&ISBLANK(data!B7),ISERR(data!B7),ISERROR(data!B7),ISNA(data!B7),data!B7=""),"","'"&D$1&"' => ") | E8: =IF(OR(ISBLANK(D8),ISERR(D8),ISERROR(D8),ISNA(D8),D8=""),"",IF(ISTEXT(data!B7),"'"&data!B7&"'",data!B7)&",") | F8: =IF(OR(ISBLANK(A8),ISERR(A8),ISERROR(A8),ISNA(A8),A8=""&ISBLANK(data!C7),ISERR(data!C7),ISERROR(data!C7),ISNA(data!C7),data!C7=""),"","'"&F$1&"' => ") | G8: =IF(OR(ISBLANK(F8),ISERR(F8),ISERROR(F8),ISNA(F8),F8=""),"","'"&SUBSTITUTE(data!C7,"'","\'")&"'"&",") | H8: =IF(OR(ISBLANK(A8),ISERR(A8),ISERROR(A8),ISNA(A8),A8=""&ISBLANK(data!D7),ISERR(data!D7),ISERROR(data!D7),ISNA(data!D7),data!D7=""),"","'"&H$1&"' => ") | I8: =IF(OR(ISBLANK(H8),ISERR(H8),ISERROR(H8),ISNA(H8),H8=""),"","'"&SUBSTITUTE(data!D7,"'","\'")&"'"&",") | J8: =IF(OR(ISBLANK(A8),ISERR(A8),ISERROR(A8),ISNA(A8),A8=""),"","],")
A9: =IF(OR(ISBLANK(data!A8),ISERR(data!A8),ISERROR(data!A8),ISNA(data!A8),data!A8="",ISBLANK(data!B8),ISERR(data!B8),ISERROR(data!B8),ISNA(data!B8),data!B8="",ISBLANK(data!C8),ISERR(data!C8),ISERROR(data!C8),ISNA(data!C8),data!C8=""),"","[") | B9: =IF(OR(ISBLANK(A9),ISERR(A9),ISERROR(A9),ISNA(A9),A9=""&ISBLANK(data!A8),ISERR(data!A8),ISERROR(data!A8),ISNA(data!A8),data!A8=""),"","'"&B$1&"' => ") | C9: =IF(OR(ISBLANK(B9),ISERR(B9),ISERROR(B9),ISNA(B9),B9=""),"",IF(ISTEXT(data!A8),"'"&data!A8&"'",data!A8)&",") | D9: =IF(OR(ISBLANK(A9),ISERR(A9),ISERROR(A9),ISNA(A9),A9=""&ISBLANK(data!B8),ISERR(data!B8),ISERROR(data!B8),ISNA(data!B8),data!B8=""),"","'"&D$1&"' => ") | E9: =IF(OR(ISBLANK(D9),ISERR(D9),ISERROR(D9),ISNA(D9),D9=""),"",IF(ISTEXT(data!B8),"'"&data!B8&"'",data!B8)&",") | F9: =IF(OR(ISBLANK(A9),ISERR(A9),ISERROR(A9),ISNA(A9),A9=""&ISBLANK(data!C8),ISERR(data!C8),ISERROR(data!C8),ISNA(data!C8),data!C8=""),"","'"&F$1&"' => ") | G9: =IF(OR(ISBLANK(F9),ISERR(F9),ISERROR(F9),ISNA(F9),F9=""),"","'"&SUBSTITUTE(data!C8,"'","\'")&"'"&",") | H9: =IF(OR(ISBLANK(A9),ISERR(A9),ISERROR(A9),ISNA(A9),A9=""&ISBLANK(data!D8),ISERR(data!D8),ISERROR(data!D8),ISNA(data!D8),data!D8=""),"","'"&H$1&"' => ") | I9: =IF(OR(ISBLANK(H9),ISERR(H9),ISERROR(H9),ISNA(H9),H9=""),"","'"&SUBSTITUTE(data!D8,"'","\'")&"'"&",") | J9: =IF(OR(ISBLANK(A9),ISERR(A9),ISERROR(A9),ISNA(A9),A9=""),"","],")
A10: =IF(OR(ISBLANK(data!A9),ISERR(data!A9),ISERROR(data!A9),ISNA(data!A9),data!A9="",ISBLANK(data!B9),ISERR(data!B9),ISERROR(data!B9),ISNA(data!B9),data!B9="",ISBLANK(data!C9),ISERR(data!C9),ISERROR(data!C9),ISNA(data!C9),data!C9=""),"","[") | B10: =IF(OR(ISBLANK(A10),ISERR(A10),ISERROR(A10),ISNA(A10),A10=""&ISBLANK(data!A9),ISERR(data!A9),ISERROR(data!A9),ISNA(data!A9),data!A9=""),"","'"&B$1&"' => ") | C10: =IF(OR(ISBLANK(B10),ISERR(B10),ISERROR(B10),ISNA(B10),B10=""),"",IF(ISTEXT(data!A9),"'"&data!A9&"'",data!A9)&",") | D10: =IF(OR(ISBLANK(A10),ISERR(A10),ISERROR(A10),ISNA(A10),A10=""&ISBLANK(data!B9),ISERR(data!B9),ISERROR(data!B9),ISNA(data!B9),data!B9=""),"","'"&D$1&"' => ") | E10: =IF(OR(ISBLANK(D10),ISERR(D10),ISERROR(D10),ISNA(D10),D10=""),"",IF(ISTEXT(data!B9),"'"&data!B9&"'",data!B9)&",") | F10: =IF(OR(ISBLANK(A10),ISERR(A10),ISERROR(A10),ISNA(A10),A10=""&ISBLANK(data!C9),ISERR(data!C9),ISERROR(data!C9),ISNA(data!C9),data!C9=""),"","'"&F$1&"' => ") | G10: =IF(OR(ISBLANK(F10),ISERR(F10),ISERROR(F10),ISNA(F10),F10=""),"","'"&SUBSTITUTE(data!C9,"'","\'")&"'"&",") | H10: =IF(OR(ISBLANK(A10),ISERR(A10),ISERROR(A10),ISNA(A10),A10=""&ISBLANK(data!D9),ISERR(data!D9),ISERROR(data!D9),ISNA(data!D9),data!D9=""),"","'"&H$1&"' => ") | I10: =IF(OR(ISBLANK(H10),ISERR(H10),ISERROR(H10),ISNA(H10),H10=""),"","'"&SUBSTITUTE(data!D9,"'","\'")&"'"&",") | J10: =IF(OR(ISBLANK(A10),ISERR(A10),ISERROR(A10),ISNA(A10),A10=""),"","],")
A11: =IF(OR(ISBLANK(data!A10),ISERR(data!A10),ISERROR(data!A10),ISNA(data!A10),data!A10="",ISBLANK(data!B10),ISERR(data!B10),ISERROR(data!B10),ISNA(data!B10),data!B10="",ISBLANK(data!C10),ISERR(data!C10),ISERROR(data!C10),ISNA(data!C10),data!C10=""),"","[") | B11: =IF(OR(ISBLANK(A11),ISERR(A11),ISERROR(A11),ISNA(A11),A11=""&ISBLANK(data!A10),ISERR(data!A10),ISERROR(data!A10),ISNA(data!A10),data!A10=""),"","'"&B$1&"' => ") | C11: =IF(OR(ISBLANK(B11),ISERR(B11),ISERROR(B11),ISNA(B11),B11=""),"",IF(ISTEXT(data!A10),"'"&data!A10&"'",data!A10)&",") | D11: =IF(OR(ISBLANK(A11),ISERR(A11),ISERROR(A11),ISNA(A11),A11=""&ISBLANK(data!B10),ISERR(data!B10),ISERROR(data!B10),ISNA(data!B10),data!B10=""),"","'"&D$1&"' => ") | E11: =IF(OR(ISBLANK(D11),ISERR(D11),ISERROR(D11),ISNA(D11),D11=""),"",IF(ISTEXT(data!B10),"'"&data!B10&"'",data!B10)&",") | F11: =IF(OR(ISBLANK(A11),ISERR(A11),ISERROR(A11),ISNA(A11),A11=""&ISBLANK(data!C10),ISERR(data!C10),ISERROR(data!C10),ISNA(data!C10),data!C10=""),"","'"&F$1&"' => ") | G11: =IF(OR(ISBLANK(F11),ISERR(F11),ISERROR(F11),ISNA(F11),F11=""),"","'"&SUBSTITUTE(data!C10,"'","\'")&"'"&",") | H11: =IF(OR(ISBLANK(A11),ISERR(A11),ISERROR(A11),ISNA(A11),A11=""&ISBLANK(data!D10),ISERR(data!D10),ISERROR(data!D10),ISNA(data!D10),data!D10=""),"","'"&H$1&"' => ") | I11: =IF(OR(ISBLANK(H11),ISERR(H11),ISERROR(H11),ISNA(H11),H11=""),"","'"&SUBSTITUTE(data!D10,"'","\'")&"'"&",") | J11: =IF(OR(ISBLANK(A11),ISERR(A11),ISERROR(A11),ISNA(A11),A11=""),"","],")
